variante,item_nbr,status_esperado_original,status_esperado_agregado,motivo
P01,6.11.2,Não Conforme,Parcial,"1 de 2 elemento(s) com 'Não Conforme', demais Conforme → regra de agregação do auditor dá 'Parcial'"
P02,6.11.2,Não Conforme,Parcial,"1 de 2 elemento(s) com 'Não Conforme', demais Conforme → regra de agregação do auditor dá 'Parcial'"
P04,6.11.2,Não Conforme,Parcial,"1 de 2 elemento(s) com 'Não Conforme', demais Conforme → regra de agregação do auditor dá 'Parcial'"
J01,6.11.3,Não Conforme,Parcial,"1 de 2 elemento(s) com 'Não Conforme', demais Conforme → regra de agregação do auditor dá 'Parcial'"
D01,6.3.4,Indeterminado,Parcial,"1 de 3 elemento(s) com 'Indeterminado', demais Conforme → regra de agregação do auditor dá 'Parcial'"
D02,6.3.4,Não Conforme,Parcial,"1 de 3 elemento(s) com 'Não Conforme', demais Conforme → regra de agregação do auditor dá 'Parcial'"
S01,7.6-7.8,Não Conforme,Parcial,"1 de 5 elemento(s) com 'Não Conforme', demais Conforme → regra de agregação do auditor dá 'Parcial'"
G01,7.6-7.8,Não Conforme,Parcial,"2 de 5 elemento(s) com 'Não Conforme', demais Conforme → regra de agregação do auditor dá 'Parcial'"
G02,7.6-7.8,Não Conforme,Parcial,"1 de 5 elemento(s) com 'Não Conforme', demais Conforme → regra de agregação do auditor dá 'Parcial'"
G03,7.6-7.8,Não Conforme,Parcial,"1 de 5 elemento(s) com 'Não Conforme', demais Conforme → regra de agregação do auditor dá 'Parcial'"
G04,7.6-7.8,Não Conforme,Parcial,"2 de 5 elemento(s) com 'Não Conforme', demais Conforme → regra de agregação do auditor dá 'Parcial'"
X01,6.11.2,Não Conforme,Parcial,"1 de 2 elemento(s) com 'Não Conforme', demais Conforme → regra de agregação do auditor dá 'Parcial'"
X01,6.3.4,Não Conforme,Parcial,"1 de 3 elemento(s) com 'Não Conforme', demais Conforme → regra de agregação do auditor dá 'Parcial'"
X01,7.6-7.8,Não Conforme,Parcial,"2 de 5 elemento(s) com 'Não Conforme', demais Conforme → regra de agregação do auditor dá 'Parcial'"
