camada,escopo,criterio,cobertura,n,VP,FP,FN,VN,acuracia,precisao,recall,f1,acuracia_status_exato,acuracia_status_exato_errata
python,GLOBAL,estrito,330/360,328,27,0,2,299,0.9939,1.0,0.931,0.9643,0.9515,0.9939
python,GLOBAL,amplo,330/360,330,30,0,1,299,0.997,1.0,0.9677,0.9836,0.9515,0.9939
python,4.6.6,estrito,30,29,2,0,0,27,1.0,1.0,1.0,1.0,1.0,1.0
python,4.6.6,amplo,30,30,3,0,0,27,1.0,1.0,1.0,1.0,1.0,1.0
python,5.4.3,estrito,30,30,4,0,0,26,1.0,1.0,1.0,1.0,1.0,1.0
python,5.4.3,amplo,30,30,4,0,0,26,1.0,1.0,1.0,1.0,1.0,1.0
python,6.11.1,estrito,30,30,1,0,0,29,1.0,1.0,1.0,1.0,1.0,1.0
python,6.11.1,amplo,30,30,1,0,0,29,1.0,1.0,1.0,1.0,1.0,1.0
python,6.11.2,estrito,30,30,4,0,0,26,1.0,1.0,1.0,1.0,0.8667,1.0
python,6.11.2,amplo,30,30,4,0,0,26,1.0,1.0,1.0,1.0,0.8667,1.0
python,6.11.3,estrito,30,30,1,0,0,29,1.0,1.0,1.0,1.0,0.9667,1.0
python,6.11.3,amplo,30,30,1,0,0,29,1.0,1.0,1.0,1.0,0.9667,1.0
python,6.3.4,estrito,30,29,2,0,0,27,1.0,1.0,1.0,1.0,0.9,1.0
python,6.3.4,amplo,30,30,3,0,0,27,1.0,1.0,1.0,1.0,0.9,1.0
python,6.6,estrito,30,30,3,0,0,27,1.0,1.0,1.0,1.0,1.0,1.0
python,6.6,amplo,30,30,3,0,0,27,1.0,1.0,1.0,1.0,1.0,1.0
python,7.5,estrito,30,30,1,0,0,29,1.0,1.0,1.0,1.0,1.0,1.0
python,7.5,amplo,30,30,1,0,0,29,1.0,1.0,1.0,1.0,1.0,1.0
python,7.6-7.8,estrito,30,30,7,0,1,22,0.9667,1.0,0.875,0.9333,0.7667,0.9667
python,7.6-7.8,amplo,30,30,7,0,1,22,0.9667,1.0,0.875,0.9333,0.7667,0.9667
python,7.7.2.1,estrito,30,30,1,0,1,28,0.9667,1.0,0.5,0.6667,0.9667,0.9667
python,7.7.2.1,amplo,30,30,2,0,0,28,1.0,1.0,1.0,1.0,0.9667,0.9667
python,7.8,estrito,30,30,1,0,0,29,1.0,1.0,1.0,1.0,1.0,1.0
python,7.8,amplo,30,30,1,0,0,29,1.0,1.0,1.0,1.0,1.0,1.0
